Image Name,Longitude,Latitude,Altitude,Year,Month,Days,Hour,Minute,Second,Milli-Seconds,Micro-Seconds
place01-100M-DJI_0273-00056.json,102.85357,24.865051,101,2021,7,7,9,56,21,723,420
place01-100M-DJI_0273-00057.json,102.853568,24.865052,100.9,2021,7,7,9,56,22,724,366
place01-100M-DJI_0273-00058.json,102.853568,24.865052,101,2021,7,7,9,56,23,725,306
place01-100M-DJI_0273-00059.json,102.853569,24.865051,100.9,2021,7,7,9,56,24,726,249
place01-100M-DJI_0273-00060.json,102.85357,24.865051,101,2021,7,7,9,56,25,727,197
place01-100M-DJI_0273-00061.json,102.85357,24.865052,101.1,2021,7,7,9,56,26,728,139
place01-100M-DJI_0273-00062.json,102.85357,24.865052,101,2021,7,7,9,56,27,729,80
place01-100M-DJI_0273-00063.json,102.853569,24.865052,101.1,2021,7,7,9,56,28,730,25
place01-100M-DJI_0273-00064.json,102.85357,24.865052,101.1,2021,7,7,9,56,29,730,965
place01-100M-DJI_0273-00065.json,102.853569,24.865052,100.9,2021,7,7,9,56,30,731,910
place01-100M-DJI_0273-00066.json,102.85357,24.865052,101,2021,7,7,9,56,31,732,855
place01-100M-DJI_0273-00067.json,102.853569,24.865052,100.9,2021,7,7,9,56,32,733,798
place01-100M-DJI_0273-00068.json,102.853569,24.865052,100.8,2021,7,7,9,56,33,734,743
place01-100M-DJI_0273-00069.json,102.853569,24.865052,100.9,2021,7,7,9,56,34,735,688
place01-100M-DJI_0273-00070.json,102.853569,24.865052,100.8,2021,7,7,9,56,35,736,628
place01-100M-DJI_0273-00071.json,102.853569,24.865052,100.8,2021,7,7,9,56,36,737,571
place01-100M-DJI_0273-00072.json,102.853569,24.865052,100.9,2021,7,7,9,56,37,738,517
place01-100M-DJI_0273-00073.json,102.853569,24.865052,100.9,2021,7,7,9,56,38,706,91
place01-100M-DJI_0273-00074.json,102.853568,24.865052,100.9,2021,7,7,9,56,39,707,35
place01-100M-DJI_0273-00075.json,102.853568,24.865052,100.9,2021,7,7,9,56,40,707,980
place01-100M-DJI_0273-00076.json,102.853569,24.865052,100.9,2021,7,7,9,56,41,708,922
place01-100M-DJI_0273-00077.json,102.853569,24.865052,100.9,2021,7,7,9,56,42,709,865
place01-100M-DJI_0273-00078.json,102.853569,24.865052,100.9,2021,7,7,9,56,43,710,808
place01-100M-DJI_0273-00079.json,102.853569,24.865052,101,2021,7,7,9,56,44,711,751
place01-100M-DJI_0273-00080.json,102.853568,24.865052,101,2021,7,7,9,56,45,712,695
place01-100M-DJI_0273-00081.json,102.853568,24.865052,101,2021,7,7,9,56,46,713,637
place01-100M-DJI_0273-00082.json,102.853568,24.865052,100.8,2021,7,7,9,56,47,714,583
place01-100M-DJI_0273-00083.json,102.853568,24.865052,100.7,2021,7,7,9,56,48,715,528
place01-100M-DJI_0273-00084.json,102.853568,24.865052,100.8,2021,7,7,9,56,49,716,467
place01-100M-DJI_0273-00085.json,102.853568,24.865052,100.8,2021,7,7,9,56,50,717,409
place01-100M-DJI_0273-00086.json,102.853568,24.865052,101,2021,7,7,9,56,51,718,354
place01-100M-DJI_0273-00087.json,102.853568,24.865052,101.1,2021,7,7,9,56,52,719,296
place01-100M-DJI_0273-00088.json,102.853567,24.865052,101,2021,7,7,9,56,53,720,241
place01-100M-DJI_0273-00089.json,102.853567,24.865052,100.8,2021,7,7,9,56,54,721,184
place01-100M-DJI_0273-00090.json,102.853567,24.865052,100.8,2021,7,7,9,56,55,722,127
place01-100M-DJI_0273-00091.json,102.853568,24.865052,100.9,2021,7,7,9,56,56,723,72
place01-100M-DJI_0273-00092.json,102.853568,24.865052,101,2021,7,7,9,56,57,724,16
place01-100M-DJI_0273-00093.json,102.853568,24.865052,100.9,2021,7,7,9,56,58,724,957
place01-100M-DJI_0273-00094.json,102.853568,24.865052,100.9,2021,7,7,9,56,59,725,899
place01-100M-DJI_0273-00095.json,102.853568,24.865052,100.8,2021,7,7,9,57,0,726,844
place01-100M-DJI_0273-00096.json,102.853567,24.865051,100.8,2021,7,7,9,57,1,727,786
place01-100M-DJI_0273-00097.json,102.853568,24.865051,100.8,2021,7,7,9,57,2,728,730
place01-100M-DJI_0273-00098.json,102.853568,24.865051,100.8,2021,7,7,9,57,3,729,671
place01-100M-DJI_0273-00099.json,102.853568,24.865051,100.9,2021,7,7,9,57,4,730,621
place01-100M-DJI_0273-00100.json,102.853569,24.865051,101,2021,7,7,9,57,5,731,559
place01-100M-DJI_0273-00101.json,102.853568,24.865051,101.1,2021,7,7,9,57,6,732,502
place01-100M-DJI_0273-00102.json,102.853568,24.865051,100.9,2021,7,7,9,57,7,733,447
place01-100M-DJI_0273-00103.json,102.853568,24.865051,100.9,2021,7,7,9,57,8,734,393
place01-100M-DJI_0273-00104.json,102.853567,24.865051,100.8,2021,7,7,9,57,9,735,336
place01-100M-DJI_0273-00105.json,102.853568,24.865052,100.9,2021,7,7,9,57,10,736,276
place01-100M-DJI_0273-00106.json,102.853568,24.865052,100.9,2021,7,7,9,57,11,737,220
place01-100M-DJI_0273-00107.json,102.853567,24.865052,100.8,2021,7,7,9,57,12,738,162
place01-100M-DJI_0273-00108.json,102.853567,24.865052,100.9,2021,7,7,9,57,13,739,108
place01-100M-DJI_0273-00109.json,102.853567,24.865052,100.8,2021,7,7,9,57,14,706,683
place01-100M-DJI_0273-00110.json,102.853568,24.865052,100.9,2021,7,7,9,57,15,707,628
place01-100M-DJI_0273-00111.json,102.853568,24.865052,100.9,2021,7,7,9,57,16,708,571
place01-100M-DJI_0273-00112.json,102.853568,24.865052,100.8,2021,7,7,9,57,17,709,513
place01-100M-DJI_0273-00113.json,102.853568,24.865052,100.8,2021,7,7,9,57,18,710,458
place01-100M-DJI_0273-00114.json,102.853568,24.865052,100.8,2021,7,7,9,57,19,711,400
place01-100M-DJI_0273-00115.json,102.853568,24.865052,100.8,2021,7,7,9,57,20,712,346
place01-100M-DJI_0273-00116.json,102.853568,24.865052,100.8,2021,7,7,9,57,21,713,287
place01-100M-DJI_0273-00117.json,102.853569,24.865052,100.8,2021,7,7,9,57,22,714,231
place01-100M-DJI_0273-00118.json,102.853569,24.865052,100.9,2021,7,7,9,57,23,715,173
place01-100M-DJI_0273-00119.json,102.853568,24.865052,100.9,2021,7,7,9,57,24,716,117
place01-100M-DJI_0273-00120.json,102.853568,24.865052,100.9,2021,7,7,9,57,25,717,60
place01-100M-DJI_0273-00121.json,102.853569,24.865051,100.9,2021,7,7,9,57,26,718,1
place01-100M-DJI_0273-00122.json,102.853569,24.865051,100.9,2021,7,7,9,57,27,718,945
place01-100M-DJI_0273-00123.json,102.853568,24.865051,100.8,2021,7,7,9,57,28,719,889
place01-100M-DJI_0273-00124.json,102.853569,24.865051,100.8,2021,7,7,9,57,29,720,832
place01-100M-DJI_0273-00125.json,102.853569,24.865051,100.9,2021,7,7,9,57,30,721,775
place01-100M-DJI_0273-00126.json,102.853569,24.865051,100.9,2021,7,7,9,57,31,722,718
place01-100M-DJI_0273-00127.json,102.853568,24.865051,100.9,2021,7,7,9,57,32,723,662
place01-100M-DJI_0273-00128.json,102.853568,24.865051,100.9,2021,7,7,9,57,33,724,604
place01-100M-DJI_0273-00129.json,102.853568,24.865052,100.9,2021,7,7,9,57,34,725,548
place01-100M-DJI_0273-00130.json,102.853568,24.865052,100.9,2021,7,7,9,57,35,726,494
place01-100M-DJI_0273-00131.json,102.853568,24.865052,101,2021,7,7,9,57,36,727,435
place01-100M-DJI_0273-00132.json,102.853568,24.865052,100.9,2021,7,7,9,57,37,728,377
place01-100M-DJI_0273-00133.json,102.853568,24.865052,100.8,2021,7,7,9,57,38,729,320
place01-100M-DJI_0273-00134.json,102.853568,24.865052,100.7,2021,7,7,9,57,39,730,265
place01-100M-DJI_0273-00135.json,102.853567,24.865052,100.7,2021,7,7,9,57,40,731,207
place01-100M-DJI_0273-00136.json,102.853567,24.865052,100.7,2021,7,7,9,57,41,732,150
place01-100M-DJI_0273-00137.json,102.853567,24.865051,100.8,2021,7,7,9,57,42,733,97
place01-100M-DJI_0273-00138.json,102.853567,24.865052,100.8,2021,7,7,9,57,43,734,38
place01-100M-DJI_0273-00139.json,102.853567,24.865052,100.8,2021,7,7,9,57,44,734,988
place01-100M-DJI_0273-00140.json,102.853567,24.865052,100.8,2021,7,7,9,57,45,735,925
place01-100M-DJI_0273-00141.json,102.853567,24.865051,100.9,2021,7,7,9,57,46,736,868
place01-100M-DJI_0273-00142.json,102.853567,24.865051,100.9,2021,7,7,9,57,47,737,810
place01-100M-DJI_0273-00143.json,102.853567,24.865052,100.9,2021,7,7,9,57,48,738,757
place01-100M-DJI_0273-00144.json,102.853568,24.865051,100.9,2021,7,7,9,57,49,706,330
place01-100M-DJI_0273-00145.json,102.853568,24.865052,100.8,2021,7,7,9,57,50,707,274
place01-100M-DJI_0273-00146.json,102.853567,24.865051,100.8,2021,7,7,9,57,51,708,218
place01-100M-DJI_0273-00147.json,102.853568,24.865051,100.8,2021,7,7,9,57,52,709,161
place01-100M-DJI_0273-00148.json,102.853567,24.865051,100.8,2021,7,7,9,57,53,710,104
place01-100M-DJI_0273-00149.json,102.853567,24.865051,100.8,2021,7,7,9,57,54,711,47
place01-100M-DJI_0273-00150.json,102.853567,24.865051,100.8,2021,7,7,9,57,55,711,994
place01-100M-DJI_0273-00151.json,102.853568,24.865051,100.8,2021,7,7,9,57,56,712,938
place01-100M-DJI_0273-00152.json,102.853567,24.865051,100.9,2021,7,7,9,57,57,713,880
place01-100M-DJI_0273-00153.json,102.853567,24.865051,100.9,2021,7,7,9,57,58,714,821
place01-100M-DJI_0273-00154.json,102.853568,24.865051,100.8,2021,7,7,9,57,59,715,766
place01-100M-DJI_0273-00155.json,102.853568,24.865051,100.8,2021,7,7,9,58,0,716,707
place01-100M-DJI_0273-00156.json,102.853568,24.865051,100.8,2021,7,7,9,58,1,717,650
place01-100M-DJI_0273-00157.json,102.853568,24.865051,100.7,2021,7,7,9,58,2,718,592
place01-100M-DJI_0273-00158.json,102.853568,24.865052,100.8,2021,7,7,9,58,3,719,535
place01-100M-DJI_0273-00159.json,102.853568,24.865052,100.8,2021,7,7,9,58,4,720,481
place01-100M-DJI_0273-00160.json,102.853568,24.865052,100.9,2021,7,7,9,58,5,721,423
place01-100M-DJI_0273-00161.json,102.853569,24.865052,100.8,2021,7,7,9,58,6,722,365
place01-100M-DJI_0273-00162.json,102.853569,24.865052,100.8,2021,7,7,9,58,7,723,308
place01-100M-DJI_0273-00163.json,102.853569,24.865052,100.8,2021,7,7,9,58,8,724,254
place01-100M-DJI_0273-00164.json,102.853569,24.865052,100.8,2021,7,7,9,58,9,725,195
place01-100M-DJI_0273-00165.json,102.853569,24.865052,100.9,2021,7,7,9,58,10,726,138
place01-100M-DJI_0273-00166.json,102.85357,24.865052,100.9,2021,7,7,9,58,11,727,81
place01-100M-DJI_0273-00167.json,102.85357,24.865052,100.9,2021,7,7,9,58,12,728,25
place01-100M-DJI_0273-00168.json,102.85357,24.865052,100.9,2021,7,7,9,58,13,728,967
place01-100M-DJI_0273-00169.json,102.853571,24.865052,100.9,2021,7,7,9,58,14,729,914
place01-100M-DJI_0273-00170.json,102.853571,24.865052,100.9,2021,7,7,9,58,15,730,857
place01-100M-DJI_0273-00171.json,102.853572,24.865052,100.8,2021,7,7,9,58,16,731,799
place01-100M-DJI_0273-00172.json,102.853572,24.865052,100.8,2021,7,7,9,58,17,732,741
place01-100M-DJI_0273-00173.json,102.853571,24.865052,100.8,2021,7,7,9,58,18,733,688
place01-100M-DJI_0273-00174.json,102.853571,24.865052,100.7,2021,7,7,9,58,19,734,628
place01-100M-DJI_0273-00175.json,102.853571,24.865051,100.8,2021,7,7,9,58,20,735,571
place01-100M-DJI_0273-00176.json,102.853571,24.865052,100.8,2021,7,7,9,58,21,736,513
place01-100M-DJI_0273-00177.json,102.853571,24.865052,100.9,2021,7,7,9,58,22,737,459
place01-100M-DJI_0273-00178.json,102.853571,24.865052,100.9,2021,7,7,9,58,23,738,400
place01-100M-DJI_0273-00179.json,102.853571,24.865052,100.9,2021,7,7,9,58,24,705,978
place01-100M-DJI_0273-00180.json,102.853571,24.865052,100.9,2021,7,7,9,58,25,706,920
place01-100M-DJI_0273-00181.json,102.853572,24.865052,100.9,2021,7,7,9,58,26,707,867
place01-100M-DJI_0273-00182.json,102.853572,24.865052,100.8,2021,7,7,9,58,27,708,808
place01-100M-DJI_0273-00183.json,102.853572,24.865052,100.8,2021,7,7,9,58,28,709,750
place01-100M-DJI_0273-00184.json,102.853572,24.865052,100.8,2021,7,7,9,58,29,710,694
place01-100M-DJI_0273-00185.json,102.853572,24.865052,100.8,2021,7,7,9,58,30,711,639
place01-100M-DJI_0273-00186.json,102.853571,24.865052,100.8,2021,7,7,9,58,31,712,623
place01-100M-DJI_0273-00187.json,102.853571,24.865052,100.8,2021,7,7,9,58,32,713,527
place01-100M-DJI_0273-00188.json,102.853571,24.865052,100.8,2021,7,7,9,58,33,714,474
place01-100M-DJI_0273-00189.json,102.853571,24.865052,100.8,2021,7,7,9,58,34,715,412
place01-100M-DJI_0273-00190.json,102.853571,24.865052,100.8,2021,7,7,9,58,35,716,352
place01-100M-DJI_0273-00191.json,102.85357,24.865051,100.8,2021,7,7,9,58,36,717,297
place01-100M-DJI_0273-00192.json,102.85357,24.865051,100.8,2021,7,7,9,58,37,718,242
place01-100M-DJI_0273-00193.json,102.85357,24.865051,100.9,2021,7,7,9,58,38,719,183
place01-100M-DJI_0273-00194.json,102.85357,24.865051,100.9,2021,7,7,9,58,39,720,131
place01-100M-DJI_0273-00195.json,102.85357,24.865051,100.9,2021,7,7,9,58,40,721,71
place01-100M-DJI_0273-00196.json,102.85357,24.865051,100.9,2021,7,7,9,58,41,722,13
place01-100M-DJI_0273-00197.json,102.85357,24.865051,100.9,2021,7,7,9,58,42,722,969
place01-100M-DJI_0273-00198.json,102.85357,24.865051,100.9,2021,7,7,9,58,43,723,898
place01-100M-DJI_0273-00199.json,102.853569,24.865051,100.9,2021,7,7,9,58,44,724,841
place01-100M-DJI_0273-00200.json,102.853569,24.865052,100.9,2021,7,7,9,58,45,725,784
place01-100M-DJI_0273-00201.json,102.853569,24.865052,100.8,2021,7,7,9,58,46,726,729
place01-50M-DJI_0271-00001.json,102.85357,24.86505,50.6,2021,7,7,9,45,44,990,47
place01-50M-DJI_0271-00002.json,102.853569,24.86505,50.2,2021,7,7,9,45,45,990,988
place01-50M-DJI_0271-00003.json,102.853569,24.86505,50,2021,7,7,9,45,46,958,568
place01-50M-DJI_0271-00004.json,102.853569,24.86505,49.9,2021,7,7,9,45,47,959,510
place01-50M-DJI_0271-00005.json,102.85357,24.865051,50,2021,7,7,9,45,48,960,455
place01-50M-DJI_0271-00006.json,102.85357,24.865051,50.1,2021,7,7,9,45,49,961,398
place01-50M-DJI_0271-00007.json,102.85357,24.865051,50.3,2021,7,7,9,45,50,962,344
place01-50M-DJI_0271-00008.json,102.85357,24.865051,50.3,2021,7,7,9,45,51,963,286
place01-50M-DJI_0271-00009.json,102.853571,24.865051,50.4,2021,7,7,9,45,52,964,241
place01-50M-DJI_0271-00010.json,102.853571,24.865051,50.5,2021,7,7,9,45,53,965,172
place01-50M-DJI_0271-00011.json,102.853571,24.865051,50.7,2021,7,7,9,45,54,966,115
place01-50M-DJI_0271-00012.json,102.853571,24.865051,50.8,2021,7,7,9,45,55,967,59
place01-50M-DJI_0271-00013.json,102.853571,24.865051,50.9,2021,7,7,9,45,56,968,2
place01-50M-DJI_0271-00014.json,102.853571,24.865051,50.9,2021,7,7,9,45,57,968,946
place01-50M-DJI_0271-00015.json,102.853571,24.865051,50.9,2021,7,7,9,45,58,969,889
place01-50M-DJI_0271-00016.json,102.85357,24.865051,50.9,2021,7,7,9,45,59,970,831
place01-50M-DJI_0271-00017.json,102.85357,24.865051,50.9,2021,7,7,9,46,0,971,776
place01-50M-DJI_0271-00018.json,102.85357,24.865052,50.9,2021,7,7,9,46,1,972,722
place01-50M-DJI_0271-00019.json,102.85357,24.865052,50.8,2021,7,7,9,46,2,973,663
place01-50M-DJI_0271-00020.json,102.85357,24.865052,50.7,2021,7,7,9,46,3,974,605
place01-50M-DJI_0271-00021.json,102.85357,24.865052,50.7,2021,7,7,9,46,4,975,548
place01-50M-DJI_0271-00022.json,102.85357,24.865052,50.7,2021,7,7,9,46,5,976,504
place01-50M-DJI_0271-00023.json,102.85357,24.865052,50.6,2021,7,7,9,46,6,977,437
place01-50M-DJI_0271-00024.json,102.85357,24.865051,50.5,2021,7,7,9,46,7,978,379
place01-50M-DJI_0271-00025.json,102.85357,24.865052,50.5,2021,7,7,9,46,8,979,327
place01-50M-DJI_0271-00026.json,102.853571,24.865052,50.6,2021,7,7,9,46,9,980,269
place01-50M-DJI_0271-00027.json,102.853571,24.865052,50.7,2021,7,7,9,46,10,981,214
place01-50M-DJI_0271-00028.json,102.853571,24.865052,50.7,2021,7,7,9,46,11,982,156
place01-50M-DJI_0271-00029.json,102.853571,24.865052,50.7,2021,7,7,9,46,12,983,100
place01-50M-DJI_0271-00030.json,102.853571,24.865053,50.6,2021,7,7,9,46,13,984,46
place01-50M-DJI_0271-00031.json,102.853571,24.865053,50.6,2021,7,7,9,46,14,984,985
place01-50M-DJI_0271-00032.json,102.85357,24.865053,50.6,2021,7,7,9,46,15,985,930
place01-50M-DJI_0271-00033.json,102.85357,24.865054,50.6,2021,7,7,9,46,16,986,875
place01-50M-DJI_0271-00034.json,102.85357,24.865054,50.7,2021,7,7,9,46,17,987,823
place01-50M-DJI_0271-00035.json,102.853571,24.865054,50.8,2021,7,7,9,46,18,988,760
place01-50M-DJI_0271-00036.json,102.853571,24.865054,50.7,2021,7,7,9,46,19,989,699
place01-50M-DJI_0271-00037.json,102.853571,24.865054,50.8,2021,7,7,9,46,20,990,642
place01-50M-DJI_0271-00038.json,102.853571,24.865054,50.8,2021,7,7,9,46,21,958,220
place01-50M-DJI_0271-00039.json,102.853571,24.865055,50.8,2021,7,7,9,46,22,959,164
place01-50M-DJI_0271-00040.json,102.853572,24.865054,50.7,2021,7,7,9,46,23,960,107
place01-50M-DJI_0271-00041.json,102.853572,24.865054,50.6,2021,7,7,9,46,24,961,50
place01-50M-DJI_0271-00042.json,102.853572,24.865054,50.6,2021,7,7,9,46,25,961,995
place01-50M-DJI_0271-00043.json,102.853572,24.865054,50.6,2021,7,7,9,46,26,962,939
place01-50M-DJI_0271-00044.json,102.853572,24.865054,50.6,2021,7,7,9,46,27,963,885
place01-50M-DJI_0271-00045.json,102.853572,24.865054,50.7,2021,7,7,9,46,28,964,826
place01-50M-DJI_0271-00046.json,102.853572,24.865054,50.7,2021,7,7,9,46,29,965,769
place01-50M-DJI_0271-00047.json,102.853573,24.865054,50.8,2021,7,7,9,46,30,966,713
place01-50M-DJI_0271-00048.json,102.853573,24.865054,50.6,2021,7,7,9,46,31,967,659
place01-50M-DJI_0271-00049.json,102.853572,24.865054,50.6,2021,7,7,9,46,32,968,605
place01-50M-DJI_0271-00050.json,102.853572,24.865053,50.5,2021,7,7,9,46,33,969,541
place01-50M-DJI_0271-00051.json,102.853573,24.865053,50.5,2021,7,7,9,46,34,970,485
place01-50M-DJI_0271-00052.json,102.853573,24.865053,50.7,2021,7,7,9,46,35,971,428
place01-50M-DJI_0271-00053.json,102.853574,24.865053,50.8,2021,7,7,9,46,36,972,373
place01-50M-DJI_0271-00054.json,102.853573,24.865053,50.7,2021,7,7,9,46,37,973,316
place01-50M-DJI_0271-00055.json,102.853574,24.865053,50.7,2021,7,7,9,46,38,974,258
place01-50M-DJI_0271-00056.json,102.853574,24.865053,50.7,2021,7,7,9,46,39,975,203
place01-50M-DJI_0271-00057.json,102.853574,24.865053,50.6,2021,7,7,9,46,40,976,148
place01-50M-DJI_0271-00058.json,102.853574,24.865054,50.6,2021,7,7,9,46,41,977,91
place01-50M-DJI_0271-00059.json,102.853574,24.865054,50.6,2021,7,7,9,46,42,978,36
place01-50M-DJI_0271-00060.json,102.853574,24.865054,50.6,2021,7,7,9,46,43,978,978
place01-50M-DJI_0271-00061.json,102.853574,24.865054,50.6,2021,7,7,9,46,44,979,921
place01-50M-DJI_0271-00062.json,102.853574,24.865054,50.6,2021,7,7,9,46,45,980,864
place01-50M-DJI_0271-00063.json,102.853574,24.865054,50.7,2021,7,7,9,46,46,981,807
place01-50M-DJI_0271-00064.json,102.853574,24.865054,50.7,2021,7,7,9,46,47,982,748
place01-50M-DJI_0271-00065.json,102.853574,24.865054,50.7,2021,7,7,9,46,48,983,695
place01-50M-DJI_0271-00066.json,102.853574,24.865054,50.7,2021,7,7,9,46,49,984,642
place01-50M-DJI_0271-00067.json,102.853574,24.865054,50.7,2021,7,7,9,46,50,985,583
place01-50M-DJI_0271-00068.json,102.853574,24.865054,50.6,2021,7,7,9,46,51,986,524
place01-50M-DJI_0271-00069.json,102.853574,24.865054,50.6,2021,7,7,9,46,52,987,466
place01-50M-DJI_0271-00070.json,102.853574,24.865054,50.6,2021,7,7,9,46,53,988,409
place01-50M-DJI_0271-00071.json,102.853573,24.865054,50.7,2021,7,7,9,46,54,989,355
place01-50M-DJI_0271-00072.json,102.853573,24.865054,50.7,2021,7,7,9,46,55,990,302
place01-50M-DJI_0271-00073.json,102.853574,24.865053,50.6,2021,7,7,9,46,56,957,875
place01-50M-DJI_0271-00074.json,102.853573,24.865054,50.6,2021,7,7,9,46,57,958,818
place01-50M-DJI_0271-00075.json,102.853573,24.865053,50.6,2021,7,7,9,46,58,959,759
place01-50M-DJI_0271-00076.json,102.853574,24.865053,50.5,2021,7,7,9,46,59,960,704
place01-50M-DJI_0271-00077.json,102.853574,24.865054,50.6,2021,7,7,9,47,0,961,648
place01-50M-DJI_0271-00078.json,102.853574,24.865054,50.5,2021,7,7,9,47,1,962,599
place01-50M-DJI_0271-00079.json,102.853574,24.865053,50.5,2021,7,7,9,47,2,963,544
place01-50M-DJI_0271-00080.json,102.853574,24.865053,50.5,2021,7,7,9,47,3,964,478
place01-50M-DJI_0271-00081.json,102.853575,24.865053,50.6,2021,7,7,9,47,4,965,420
place01-50M-DJI_0271-00082.json,102.853575,24.865053,50.7,2021,7,7,9,47,5,966,365
place01-50M-DJI_0271-00083.json,102.853574,24.865053,50.7,2021,7,7,9,47,6,967,307
place01-50M-DJI_0271-00084.json,102.853575,24.865053,50.7,2021,7,7,9,47,7,968,251
place01-50M-DJI_0271-00085.json,102.853575,24.865053,50.7,2021,7,7,9,47,8,969,197
place01-50M-DJI_0271-00086.json,102.853574,24.865053,50.6,2021,7,7,9,47,9,970,138
place01-50M-DJI_0271-00087.json,102.853574,24.865053,50.6,2021,7,7,9,47,10,971,79
place01-50M-DJI_0271-00088.json,102.853574,24.865052,50.5,2021,7,7,9,47,11,972,30
place01-50M-DJI_0271-00089.json,102.853574,24.865052,50.6,2021,7,7,9,47,12,972,970
place01-50M-DJI_0271-00090.json,102.853574,24.865052,50.6,2021,7,7,9,47,13,973,912
place01-50M-DJI_0271-00091.json,102.853574,24.865052,50.6,2021,7,7,9,47,14,974,864
place01-50M-DJI_0271-00092.json,102.853575,24.865051,50.5,2021,7,7,9,47,15,975,800
place01-50M-DJI_0271-00093.json,102.853575,24.865051,50.6,2021,7,7,9,47,16,976,742
place01-50M-DJI_0271-00094.json,102.853575,24.865051,50.6,2021,7,7,9,47,17,977,685
place01-50M-DJI_0271-00095.json,102.853575,24.865051,50.6,2021,7,7,9,47,18,978,627
place01-50M-DJI_0271-00096.json,102.853575,24.865051,50.6,2021,7,7,9,47,19,979,578
place01-50M-DJI_0271-00097.json,102.853575,24.86505,50.6,2021,7,7,9,47,20,980,517
place01-50M-DJI_0271-00098.json,102.853574,24.86505,50.6,2021,7,7,9,47,21,981,468
place01-50M-DJI_0271-00099.json,102.853574,24.86505,50.6,2021,7,7,9,47,22,982,409
place01-50M-DJI_0271-00100.json,102.853574,24.865049,50.6,2021,7,7,9,47,23,983,347
place01-50M-DJI_0271-00101.json,102.853574,24.865049,50.6,2021,7,7,9,47,24,984,298
place01-50M-DJI_0271-00102.json,102.853573,24.86505,50.6,2021,7,7,9,47,25,985,235
place01-50M-DJI_0271-00103.json,102.853573,24.865049,50.6,2021,7,7,9,47,26,986,179
place01-50M-DJI_0271-00104.json,102.853573,24.865049,50.6,2021,7,7,9,47,27,987,125
place01-50M-DJI_0271-00105.json,102.853572,24.86505,50.6,2021,7,7,9,47,28,988,60
place01-50M-DJI_0271-00106.json,102.853571,24.86505,50.6,2021,7,7,9,47,29,989,7
place01-50M-DJI_0271-00107.json,102.853572,24.86505,50.5,2021,7,7,9,47,30,989,950
place01-50M-DJI_0271-00108.json,102.853573,24.86505,50.6,2021,7,7,9,47,31,990,890
place01-50M-DJI_0271-00109.json,102.853573,24.86505,50.6,2021,7,7,9,47,32,958,467
place01-50M-DJI_0271-00110.json,102.853573,24.86505,50.6,2021,7,7,9,47,33,959,420
place01-50M-DJI_0271-00111.json,102.853573,24.86505,50.6,2021,7,7,9,47,34,960,355
place01-50M-DJI_0271-00112.json,102.853573,24.86505,50.6,2021,7,7,9,47,35,961,298
place01-50M-DJI_0271-00113.json,102.853573,24.86505,50.6,2021,7,7,9,47,36,962,243
place01-50M-DJI_0271-00114.json,102.853573,24.86505,50.6,2021,7,7,9,47,37,963,187
place01-50M-DJI_0271-00115.json,102.853573,24.86505,50.5,2021,7,7,9,47,38,964,130
place01-50M-DJI_0271-00116.json,102.853573,24.86505,50.5,2021,7,7,9,47,39,965,71
place01-50M-DJI_0271-00117.json,102.853573,24.86505,50.5,2021,7,7,9,47,40,966,14
place01-50M-DJI_0271-00118.json,102.853573,24.86505,50.6,2021,7,7,9,47,41,966,959
place01-50M-DJI_0271-00119.json,102.853573,24.865051,50.6,2021,7,7,9,47,42,967,901
place01-50M-DJI_0271-00120.json,102.853573,24.865051,50.6,2021,7,7,9,47,43,968,845
place01-50M-DJI_0271-00121.json,102.853573,24.865051,50.6,2021,7,7,9,47,44,969,787
place01-50M-DJI_0271-00122.json,102.853572,24.865051,50.6,2021,7,7,9,47,45,970,735
place01-50M-DJI_0271-00123.json,102.853572,24.865051,50.6,2021,7,7,9,47,46,971,676
place01-50M-DJI_0271-00124.json,102.853572,24.865051,50.5,2021,7,7,9,47,47,972,618
place01-50M-DJI_0271-00125.json,102.853573,24.865051,50.5,2021,7,7,9,47,48,973,563
place01-50M-DJI_0271-00126.json,102.853573,24.865051,50.6,2021,7,7,9,47,49,974,505
place01-50M-DJI_0271-00127.json,102.853573,24.865051,50.5,2021,7,7,9,47,50,975,455
place01-50M-DJI_0271-00128.json,102.853573,24.86505,50.5,2021,7,7,9,47,51,976,391
place01-50M-DJI_0271-00129.json,102.853573,24.86505,50.6,2021,7,7,9,47,52,977,337
place01-60M-DJI_0271-00132.json,102.853575,24.865047,59.5,2021,7,7,9,47,55,980,164
place01-60M-DJI_0271-00133.json,102.853575,24.865048,59.8,2021,7,7,9,47,56,981,108
place01-60M-DJI_0271-00134.json,102.853573,24.86505,59.9,2021,7,7,9,47,57,982,57
place01-60M-DJI_0271-00135.json,102.853573,24.86505,60.1,2021,7,7,9,47,58,982,997
place01-60M-DJI_0271-00136.json,102.853573,24.86505,60.2,2021,7,7,9,47,59,983,942
place01-60M-DJI_0271-00137.json,102.853574,24.86505,60.3,2021,7,7,9,48,0,984,883
place01-60M-DJI_0271-00138.json,102.853574,24.865051,60.4,2021,7,7,9,48,1,985,869
place01-60M-DJI_0271-00139.json,102.853574,24.865051,60.4,2021,7,7,9,48,2,986,769
place01-60M-DJI_0271-00140.json,102.853573,24.865051,60.5,2021,7,7,9,48,3,987,714
place01-60M-DJI_0271-00141.json,102.853573,24.865052,60.4,2021,7,7,9,48,4,988,658
place01-60M-DJI_0271-00142.json,102.853573,24.865052,60.4,2021,7,7,9,48,5,989,596
place01-60M-DJI_0271-00143.json,102.853572,24.865052,60.3,2021,7,7,9,48,6,990,543
place01-60M-DJI_0271-00144.json,102.853572,24.865052,60.3,2021,7,7,9,48,7,958,118
place01-60M-DJI_0271-00145.json,102.853572,24.865052,60.2,2021,7,7,9,48,8,959,61
place01-60M-DJI_0271-00146.json,102.853571,24.865052,60.2,2021,7,7,9,48,9,960,5
place01-60M-DJI_0271-00147.json,102.853571,24.865052,60.1,2021,7,7,9,48,10,960,948
place01-60M-DJI_0271-00148.json,102.853571,24.865052,60.1,2021,7,7,9,48,11,961,892
place01-60M-DJI_0271-00149.json,102.853571,24.865052,60.2,2021,7,7,9,48,12,962,836
place01-60M-DJI_0271-00150.json,102.85357,24.865052,60.2,2021,7,7,9,48,13,963,778
place01-60M-DJI_0271-00151.json,102.85357,24.865052,60.1,2021,7,7,9,48,14,964,721
place01-60M-DJI_0271-00152.json,102.853569,24.865052,60.1,2021,7,7,9,48,15,965,666
place01-60M-DJI_0271-00153.json,102.853569,24.865053,60.2,2021,7,7,9,48,16,966,609
place01-60M-DJI_0271-00154.json,102.853569,24.865053,60.1,2021,7,7,9,48,17,967,551
place01-60M-DJI_0271-00155.json,102.853569,24.865053,60.2,2021,7,7,9,48,18,968,494
place01-60M-DJI_0271-00156.json,102.853569,24.865053,60.2,2021,7,7,9,48,19,969,437
place01-60M-DJI_0271-00157.json,102.853569,24.865053,60.2,2021,7,7,9,48,20,970,381
place01-60M-DJI_0271-00158.json,102.853569,24.865053,60.2,2021,7,7,9,48,21,971,326
place01-60M-DJI_0271-00159.json,102.853569,24.865053,60.2,2021,7,7,9,48,22,972,273
place01-60M-DJI_0271-00160.json,102.853569,24.865054,60.3,2021,7,7,9,48,23,973,213
place01-60M-DJI_0271-00161.json,102.853569,24.865054,60.3,2021,7,7,9,48,24,974,160
place01-60M-DJI_0271-00162.json,102.853569,24.865054,60.2,2021,7,7,9,48,25,975,99
place01-60M-DJI_0271-00163.json,102.853569,24.865053,60.1,2021,7,7,9,48,26,976,44
place01-60M-DJI_0271-00164.json,102.853569,24.865053,60.1,2021,7,7,9,48,27,976,989
place01-60M-DJI_0271-00165.json,102.853569,24.865053,60.1,2021,7,7,9,48,28,977,929
place01-60M-DJI_0271-00166.json,102.853569,24.865053,60.2,2021,7,7,9,48,29,978,871
place01-60M-DJI_0271-00167.json,102.853569,24.865053,60.2,2021,7,7,9,48,30,979,822
place01-60M-DJI_0271-00168.json,102.85357,24.865053,60.2,2021,7,7,9,48,31,980,769
place01-60M-DJI_0271-00169.json,102.85357,24.865053,60.2,2021,7,7,9,48,32,981,706
place01-60M-DJI_0271-00170.json,102.85357,24.865053,60.3,2021,7,7,9,48,33,982,644
place01-60M-DJI_0271-00171.json,102.85357,24.865053,60.2,2021,7,7,9,48,34,983,590
place01-60M-DJI_0271-00172.json,102.85357,24.865053,60.2,2021,7,7,9,48,35,984,552
place01-60M-DJI_0271-00173.json,102.85357,24.865053,60.2,2021,7,7,9,48,36,985,480
place01-60M-DJI_0271-00174.json,102.85357,24.865053,60.2,2021,7,7,9,48,37,986,424
place01-60M-DJI_0271-00175.json,102.85357,24.865052,60.2,2021,7,7,9,48,38,987,363
place01-60M-DJI_0271-00176.json,102.85357,24.865052,60.2,2021,7,7,9,48,39,988,304
place01-60M-DJI_0271-00177.json,102.85357,24.865052,60.3,2021,7,7,9,48,40,989,249
place01-60M-DJI_0271-00178.json,102.853571,24.865052,60.3,2021,7,7,9,48,41,990,192
place01-60M-DJI_0271-00179.json,102.853571,24.865052,60.2,2021,7,7,9,48,42,957,770
place01-60M-DJI_0271-00180.json,102.853571,24.865052,60.2,2021,7,7,9,48,43,958,712
place01-60M-DJI_0271-00181.json,102.853571,24.865052,60.1,2021,7,7,9,48,44,959,656
place01-60M-DJI_0271-00182.json,102.853571,24.865052,60.1,2021,7,7,9,48,45,960,598
place01-60M-DJI_0271-00183.json,102.853571,24.865052,60.1,2021,7,7,9,48,46,961,544
place01-60M-DJI_0271-00184.json,102.853571,24.865052,60.1,2021,7,7,9,48,47,962,488
place01-60M-DJI_0271-00185.json,102.853571,24.865052,60.2,2021,7,7,9,48,48,963,428
place01-60M-DJI_0271-00186.json,102.853571,24.865052,60.3,2021,7,7,9,48,49,964,373
place01-60M-DJI_0271-00187.json,102.853571,24.865052,60.3,2021,7,7,9,48,50,965,314
place01-60M-DJI_0271-00188.json,102.853571,24.865052,60.3,2021,7,7,9,48,51,966,257
place01-60M-DJI_0271-00189.json,102.853571,24.865052,60.3,2021,7,7,9,48,52,967,203
place01-60M-DJI_0271-00190.json,102.853571,24.865052,60.3,2021,7,7,9,48,53,968,144
place01-60M-DJI_0271-00191.json,102.853571,24.865053,60.3,2021,7,7,9,48,54,969,87
place01-60M-DJI_0271-00192.json,102.85357,24.865052,60.3,2021,7,7,9,48,55,970,31
place01-60M-DJI_0271-00193.json,102.85357,24.865052,60.3,2021,7,7,9,48,56,970,976
place01-60M-DJI_0271-00194.json,102.85357,24.865052,60.2,2021,7,7,9,48,57,971,921
place01-60M-DJI_0271-00195.json,102.85357,24.865052,60.2,2021,7,7,9,48,58,972,863
place01-60M-DJI_0271-00196.json,102.85357,24.865052,60.2,2021,7,7,9,48,59,973,806
place01-60M-DJI_0271-00197.json,102.853571,24.865052,60.2,2021,7,7,9,49,0,974,748
place01-60M-DJI_0271-00198.json,102.853571,24.865052,60.2,2021,7,7,9,49,1,975,692
place01-60M-DJI_0271-00199.json,102.853571,24.865052,60.2,2021,7,7,9,49,2,976,635
place01-60M-DJI_0271-00200.json,102.853572,24.865052,60.3,2021,7,7,9,49,3,977,585
place01-60M-DJI_0271-00201.json,102.853573,24.865052,60.2,2021,7,7,9,49,4,978,521
place01-60M-DJI_0271-00202.json,102.853573,24.865052,60.2,2021,7,7,9,49,5,979,464
place01-60M-DJI_0271-00203.json,102.853572,24.865052,60.1,2021,7,7,9,49,6,980,414
place01-60M-DJI_0271-00204.json,102.853573,24.865052,60.1,2021,7,7,9,49,7,981,355
place01-60M-DJI_0271-00205.json,102.853572,24.865052,60.1,2021,7,7,9,49,8,982,298
place01-60M-DJI_0271-00206.json,102.853573,24.865052,60.2,2021,7,7,9,49,9,983,241
place01-60M-DJI_0271-00207.json,102.853573,24.865052,60.3,2021,7,7,9,49,10,984,182
place01-60M-DJI_0271-00208.json,102.853573,24.865052,60.3,2021,7,7,9,49,11,985,127
place01-60M-DJI_0271-00209.json,102.853573,24.865052,60.2,2021,7,7,9,49,12,986,67
place01-60M-DJI_0271-00210.json,102.853573,24.865051,60.3,2021,7,7,9,49,13,987,9
place01-60M-DJI_0271-00211.json,102.853573,24.865051,60.3,2021,7,7,9,49,14,987,959
place01-60M-DJI_0271-00212.json,102.853573,24.865051,60.3,2021,7,7,9,49,15,988,900
place01-60M-DJI_0271-00213.json,102.853574,24.865051,60.3,2021,7,7,9,49,16,989,840
place01-60M-DJI_0271-00214.json,102.853574,24.86505,60.1,2021,7,7,9,49,17,990,782
place01-60M-DJI_0271-00215.json,102.853573,24.86505,60.1,2021,7,7,9,49,18,958,359
place01-60M-DJI_0271-00216.json,102.853573,24.86505,60,2021,7,7,9,49,19,959,304
place01-60M-DJI_0271-00217.json,102.853573,24.86505,60.1,2021,7,7,9,49,20,960,247
place01-60M-DJI_0271-00218.json,102.853573,24.86505,60.1,2021,7,7,9,49,21,961,190
place01-60M-DJI_0271-00219.json,102.853573,24.86505,60.1,2021,7,7,9,49,22,962,134
place01-60M-DJI_0271-00220.json,102.853572,24.865051,60.2,2021,7,7,9,49,23,963,77
place01-60M-DJI_0271-00221.json,102.853572,24.865051,60.2,2021,7,7,9,49,24,964,20
place01-60M-DJI_0271-00222.json,102.853573,24.865051,60.3,2021,7,7,9,49,25,964,964
place01-60M-DJI_0271-00223.json,102.853572,24.865051,60.2,2021,7,7,9,49,26,965,906
place01-60M-DJI_0271-00224.json,102.853573,24.865051,60.3,2021,7,7,9,49,27,966,850
place01-60M-DJI_0271-00225.json,102.853572,24.865051,60.2,2021,7,7,9,49,28,967,792
place01-60M-DJI_0271-00226.json,102.853572,24.865051,60.2,2021,7,7,9,49,29,968,735
place01-60M-DJI_0271-00227.json,102.853572,24.865051,60.2,2021,7,7,9,49,30,969,682
place01-60M-DJI_0271-00228.json,102.853572,24.865051,60.2,2021,7,7,9,49,31,970,623
place01-60M-DJI_0271-00229.json,102.853572,24.865051,60.2,2021,7,7,9,49,32,971,567
place01-60M-DJI_0271-00230.json,102.853572,24.86505,60.2,2021,7,7,9,49,33,972,511
place01-60M-DJI_0271-00231.json,102.853572,24.86505,60.1,2021,7,7,9,49,34,973,455
place01-60M-DJI_0271-00232.json,102.853572,24.86505,60.1,2021,7,7,9,49,35,974,400
place01-60M-DJI_0271-00233.json,102.853572,24.865051,60.1,2021,7,7,9,49,36,975,342
place01-60M-DJI_0271-00234.json,102.853572,24.865051,60.2,2021,7,7,9,49,37,976,286
place01-60M-DJI_0271-00235.json,102.853572,24.865051,60.2,2021,7,7,9,49,38,977,230
place01-60M-DJI_0271-00236.json,102.853572,24.865051,60.2,2021,7,7,9,49,39,978,173
place01-60M-DJI_0271-00237.json,102.853572,24.865051,60.3,2021,7,7,9,49,40,979,115
place01-60M-DJI_0271-00238.json,102.853572,24.865051,60.4,2021,7,7,9,49,41,980,56
place01-60M-DJI_0271-00239.json,102.853572,24.865051,60.4,2021,7,7,9,49,42,981,6
place01-60M-DJI_0271-00240.json,102.853572,24.865051,60.3,2021,7,7,9,49,43,981,961
place01-60M-DJI_0271-00241.json,102.853572,24.865051,60.2,2021,7,7,9,49,44,982,889
place01-60M-DJI_0271-00242.json,102.853572,24.865051,60.2,2021,7,7,9,49,45,983,833
place01-60M-DJI_0271-00243.json,102.853571,24.865051,60.3,2021,7,7,9,49,46,984,775
place01-70M-DJI_0271-00246.json,102.853574,24.865047,70.4,2021,7,7,9,49,49,987,601
place01-70M-DJI_0271-00247.json,102.853574,24.865048,70.6,2021,7,7,9,49,50,988,546
place01-70M-DJI_0271-00248.json,102.853572,24.86505,70.7,2021,7,7,9,49,51,989,486
place01-70M-DJI_0271-00249.json,102.853572,24.865051,70.8,2021,7,7,9,49,52,990,430
place01-70M-DJI_0271-00250.json,102.853572,24.865051,70.8,2021,7,7,9,49,53,958,8
place01-70M-DJI_0271-00251.json,102.853572,24.865051,70.8,2021,7,7,9,49,54,958,951
place01-70M-DJI_0271-00252.json,102.853572,24.865051,70.8,2021,7,7,9,49,55,959,895
place01-70M-DJI_0271-00253.json,102.853572,24.865051,70.9,2021,7,7,9,49,56,960,837
place01-70M-DJI_0271-00254.json,102.853572,24.865051,70.7,2021,7,7,9,49,57,961,780
place01-70M-DJI_0271-00255.json,102.853572,24.865051,70.5,2021,7,7,9,49,58,962,725
place01-70M-DJI_0271-00256.json,102.853572,24.86505,70.5,2021,7,7,9,49,59,963,669
place01-70M-DJI_0271-00257.json,102.853572,24.865051,70.5,2021,7,7,9,50,0,964,610
place01-70M-DJI_0271-00258.json,102.853572,24.865051,70.5,2021,7,7,9,50,1,965,553
place01-70M-DJI_0271-00259.json,102.853571,24.865051,70.6,2021,7,7,9,50,2,966,496
place01-70M-DJI_0271-00260.json,102.853572,24.865051,70.7,2021,7,7,9,50,3,967,440
place01-70M-DJI_0271-00261.json,102.853571,24.865051,70.8,2021,7,7,9,50,4,968,383
place01-70M-DJI_0271-00262.json,102.85357,24.865051,70.7,2021,7,7,9,50,5,969,325
place01-70M-DJI_0271-00263.json,102.85357,24.865051,70.6,2021,7,7,9,50,6,970,269
place01-70M-DJI_0271-00264.json,102.85357,24.865051,70.6,2021,7,7,9,50,7,971,217
place01-70M-DJI_0271-00265.json,102.85357,24.865051,70.6,2021,7,7,9,50,8,972,161
place01-70M-DJI_0271-00266.json,102.85357,24.865051,70.6,2021,7,7,9,50,9,973,113
place01-70M-DJI_0271-00267.json,102.85357,24.865051,70.6,2021,7,7,9,50,10,974,45
place01-70M-DJI_0271-00268.json,102.85357,24.865051,70.5,2021,7,7,9,50,11,975,4
place01-70M-DJI_0271-00269.json,102.85357,24.865051,70.6,2021,7,7,9,50,12,975,933
place01-70M-DJI_0271-00270.json,102.85357,24.865051,70.6,2021,7,7,9,50,13,976,873
place01-70M-DJI_0271-00271.json,102.85357,24.86505,70.7,2021,7,7,9,50,14,977,823
place01-70M-DJI_0271-00272.json,102.85357,24.86505,70.8,2021,7,7,9,50,15,978,758
place01-70M-DJI_0271-00273.json,102.853569,24.865051,70.7,2021,7,7,9,50,16,979,711
place01-70M-DJI_0271-00274.json,102.853569,24.865051,70.7,2021,7,7,9,50,17,980,650
place01-70M-DJI_0271-00275.json,102.853569,24.865051,70.7,2021,7,7,9,50,18,981,593
place01-70M-DJI_0271-00276.json,102.853569,24.865051,70.7,2021,7,7,9,50,19,982,532
place01-70M-DJI_0271-00277.json,102.853569,24.865051,70.7,2021,7,7,9,50,20,983,477
place01-70M-DJI_0271-00278.json,102.853568,24.865051,70.7,2021,7,7,9,50,21,984,421
place01-70M-DJI_0271-00279.json,102.853568,24.865051,70.6,2021,7,7,9,50,22,985,365
place01-70M-DJI_0271-00280.json,102.853569,24.865051,70.6,2021,7,7,9,50,23,986,310
place01-70M-DJI_0271-00281.json,102.853568,24.86505,70.6,2021,7,7,9,50,24,987,247
place01-70M-DJI_0271-00282.json,102.853568,24.865051,70.6,2021,7,7,9,50,25,988,191
place01-70M-DJI_0271-00283.json,102.853568,24.865051,70.6,2021,7,7,9,50,26,989,133
place01-70M-DJI_0271-00284.json,102.853568,24.865051,70.6,2021,7,7,9,50,27,990,75
place01-70M-DJI_0271-00285.json,102.853568,24.865051,70.6,2021,7,7,9,50,28,991,19
place01-70M-DJI_0271-00286.json,102.853569,24.865051,70.6,2021,7,7,9,50,29,958,597
place01-70M-DJI_0271-00287.json,102.853569,24.865051,70.6,2021,7,7,9,50,30,959,541
place01-70M-DJI_0271-00288.json,102.853569,24.865051,70.6,2021,7,7,9,50,31,960,484
place01-70M-DJI_0271-00289.json,102.853569,24.865051,70.6,2021,7,7,9,50,32,961,428
place01-70M-DJI_0271-00290.json,102.853569,24.865051,70.6,2021,7,7,9,50,33,962,374
place01-70M-DJI_0271-00291.json,102.85357,24.86505,70.6,2021,7,7,9,50,34,963,314
place01-70M-DJI_0272-00001.json,102.853571,24.86505,70.6,2021,7,7,9,50,35,764,71
place01-70M-DJI_0272-00002.json,102.853571,24.865049,70.6,2021,7,7,9,50,36,765,10
place01-70M-DJI_0272-00003.json,102.853571,24.865049,70.6,2021,7,7,9,50,37,732,625
place01-70M-DJI_0272-00004.json,102.853572,24.865049,70.6,2021,7,7,9,50,38,733,535
place01-70M-DJI_0272-00005.json,102.853572,24.865048,70.6,2021,7,7,9,50,39,734,480
place01-70M-DJI_0272-00006.json,102.853572,24.865048,70.6,2021,7,7,9,50,40,735,422
place01-70M-DJI_0272-00007.json,102.853573,24.865048,70.6,2021,7,7,9,50,41,736,362
place01-70M-DJI_0272-00008.json,102.853572,24.865048,70.7,2021,7,7,9,50,42,737,307
place01-70M-DJI_0272-00009.json,102.853572,24.865048,70.6,2021,7,7,9,50,43,738,248
place01-70M-DJI_0272-00010.json,102.853573,24.865048,70.6,2021,7,7,9,50,44,739,193
place01-70M-DJI_0272-00011.json,102.853572,24.865048,70.6,2021,7,7,9,50,45,740,135
place01-70M-DJI_0272-00012.json,102.853572,24.865047,70.6,2021,7,7,9,50,46,741,78
place01-70M-DJI_0272-00013.json,102.853571,24.865048,70.6,2021,7,7,9,50,47,742,22
place01-70M-DJI_0272-00014.json,102.853571,24.865048,70.6,2021,7,7,9,50,48,742,965
place01-70M-DJI_0272-00015.json,102.853571,24.865048,70.6,2021,7,7,9,50,49,743,910
place01-70M-DJI_0272-00016.json,102.85357,24.865048,70.7,2021,7,7,9,50,50,744,851
place01-70M-DJI_0272-00017.json,102.85357,24.865048,70.6,2021,7,7,9,50,51,745,795
place01-70M-DJI_0272-00018.json,102.853569,24.865048,70.6,2021,7,7,9,50,52,746,740
place01-70M-DJI_0272-00019.json,102.853568,24.865048,70.6,2021,7,7,9,50,53,747,682
place01-70M-DJI_0272-00020.json,102.853568,24.865049,70.6,2021,7,7,9,50,54,748,624
place01-70M-DJI_0272-00021.json,102.853567,24.865049,70.7,2021,7,7,9,50,55,749,568
place01-70M-DJI_0272-00022.json,102.853567,24.865049,70.6,2021,7,7,9,50,56,750,511
place01-70M-DJI_0272-00023.json,102.853566,24.865049,70.6,2021,7,7,9,50,57,751,453
place01-70M-DJI_0272-00024.json,102.853565,24.865049,70.6,2021,7,7,9,50,58,752,398
place01-70M-DJI_0272-00025.json,102.853565,24.865049,70.6,2021,7,7,9,50,59,753,339
place01-70M-DJI_0272-00026.json,102.853564,24.86505,70.6,2021,7,7,9,51,0,754,282
place01-70M-DJI_0272-00027.json,102.853564,24.86505,70.6,2021,7,7,9,51,1,755,227
place01-70M-DJI_0272-00028.json,102.853563,24.86505,70.6,2021,7,7,9,51,2,756,168
place01-70M-DJI_0272-00029.json,102.853563,24.86505,70.6,2021,7,7,9,51,3,757,114
place01-70M-DJI_0272-00030.json,102.853563,24.86505,70.7,2021,7,7,9,51,4,758,56
place01-70M-DJI_0272-00031.json,102.853563,24.86505,70.7,2021,7,7,9,51,5,758,998
place01-70M-DJI_0272-00032.json,102.853562,24.86505,70.7,2021,7,7,9,51,6,759,941
place01-70M-DJI_0272-00033.json,102.853562,24.86505,70.7,2021,7,7,9,51,7,760,884
place01-70M-DJI_0272-00034.json,102.853562,24.865051,70.6,2021,7,7,9,51,8,761,828
place01-70M-DJI_0272-00035.json,102.853562,24.86505,70.6,2021,7,7,9,51,9,762,774
place01-70M-DJI_0272-00036.json,102.853562,24.86505,70.7,2021,7,7,9,51,10,763,717
place01-70M-DJI_0272-00037.json,102.853563,24.86505,70.7,2021,7,7,9,51,11,764,658
place01-70M-DJI_0272-00038.json,102.853563,24.86505,70.6,2021,7,7,9,51,12,732,241
place01-70M-DJI_0272-00039.json,102.853563,24.86505,70.7,2021,7,7,9,51,13,733,180
place01-70M-DJI_0272-00040.json,102.853562,24.86505,70.7,2021,7,7,9,51,14,734,126
place01-70M-DJI_0272-00041.json,102.853562,24.86505,70.7,2021,7,7,9,51,15,735,69
place01-70M-DJI_0272-00042.json,102.853562,24.86505,70.6,2021,7,7,9,51,16,736,10
place01-70M-DJI_0272-00043.json,102.853562,24.86505,70.6,2021,7,7,9,51,17,736,952
place01-70M-DJI_0272-00044.json,102.853562,24.86505,70.5,2021,7,7,9,51,18,737,898
place01-70M-DJI_0272-00045.json,102.853563,24.865049,70.5,2021,7,7,9,51,19,738,839
place01-70M-DJI_0272-00046.json,102.853563,24.865049,70.5,2021,7,7,9,51,20,739,781
place01-70M-DJI_0272-00047.json,102.853564,24.865049,70.6,2021,7,7,9,51,21,740,724
place01-70M-DJI_0272-00048.json,102.853563,24.865049,70.7,2021,7,7,9,51,22,741,669
place01-70M-DJI_0272-00049.json,102.853564,24.865049,70.7,2021,7,7,9,51,23,742,614
place01-70M-DJI_0272-00050.json,102.853564,24.865049,70.6,2021,7,7,9,51,24,743,555
place01-70M-DJI_0272-00051.json,102.853564,24.865049,70.7,2021,7,7,9,51,25,744,497
place01-70M-DJI_0272-00052.json,102.853564,24.865049,70.7,2021,7,7,9,51,26,745,442
place01-70M-DJI_0272-00053.json,102.853565,24.865049,70.7,2021,7,7,9,51,27,746,385
place01-70M-DJI_0272-00054.json,102.853565,24.865049,70.6,2021,7,7,9,51,28,747,327
place01-70M-DJI_0272-00055.json,102.853565,24.865049,70.5,2021,7,7,9,51,29,748,271
place01-70M-DJI_0272-00056.json,102.853565,24.865049,70.6,2021,7,7,9,51,30,749,215
place01-70M-DJI_0272-00057.json,102.853565,24.865049,70.7,2021,7,7,9,51,31,750,157
place01-70M-DJI_0272-00058.json,102.853565,24.865049,70.6,2021,7,7,9,51,32,751,99
place01-70M-DJI_0272-00059.json,102.853564,24.865049,70.6,2021,7,7,9,51,33,752,44
place01-70M-DJI_0272-00060.json,102.853564,24.865048,70.5,2021,7,7,9,51,34,752,986
place01-70M-DJI_0272-00061.json,102.853564,24.865049,70.5,2021,7,7,9,51,35,753,930
place01-70M-DJI_0272-00062.json,102.853564,24.865048,70.5,2021,7,7,9,51,36,754,874
place01-70M-DJI_0272-00063.json,102.853564,24.865048,70.6,2021,7,7,9,51,37,755,817
place01-70M-DJI_0272-00064.json,102.853564,24.865048,70.6,2021,7,7,9,51,38,756,761
place01-70M-DJI_0272-00065.json,102.853564,24.865048,70.6,2021,7,7,9,51,39,757,702
place01-70M-DJI_0272-00066.json,102.853564,24.865048,70.6,2021,7,7,9,51,40,758,646
place01-70M-DJI_0272-00067.json,102.853564,24.865048,70.7,2021,7,7,9,51,41,759,589
place01-70M-DJI_0272-00068.json,102.853564,24.865048,70.7,2021,7,7,9,51,42,760,531
place01-70M-DJI_0272-00069.json,102.853564,24.865048,70.7,2021,7,7,9,51,43,761,475
place01-70M-DJI_0272-00070.json,102.853563,24.865048,70.7,2021,7,7,9,51,44,762,424
place01-70M-DJI_0272-00071.json,102.853563,24.865048,70.7,2021,7,7,9,51,45,763,361
place01-70M-DJI_0272-00072.json,102.853563,24.865048,70.6,2021,7,7,9,51,46,764,305
place01-70M-DJI_0272-00073.json,102.853563,24.865048,70.6,2021,7,7,9,51,47,731,885
place01-70M-DJI_0272-00074.json,102.853563,24.865048,70.6,2021,7,7,9,51,48,732,828
place01-70M-DJI_0272-00075.json,102.853563,24.865048,70.7,2021,7,7,9,51,49,733,776
place01-70M-DJI_0272-00076.json,102.853563,24.865048,70.7,2021,7,7,9,51,50,734,718
place01-70M-DJI_0272-00077.json,102.853563,24.865048,70.7,2021,7,7,9,51,51,735,660
place01-70M-DJI_0272-00078.json,102.853564,24.865048,70.6,2021,7,7,9,51,52,736,600
place01-70M-DJI_0272-00079.json,102.853564,24.865048,70.7,2021,7,7,9,51,53,737,546
place01-70M-DJI_0272-00080.json,102.853564,24.865048,70.7,2021,7,7,9,51,54,738,489
place01-70M-DJI_0272-00081.json,102.853564,24.865048,70.6,2021,7,7,9,51,55,739,431
place01-80M-DJI_0272-00084.json,102.853566,24.865045,80.3,2021,7,7,9,51,58,742,260
place01-80M-DJI_0272-00085.json,102.853566,24.865045,80.8,2021,7,7,9,51,59,743,203
place01-80M-DJI_0272-00086.json,102.853565,24.865047,80.9,2021,7,7,9,52,0,744,146
place01-80M-DJI_0272-00087.json,102.853564,24.865048,80.8,2021,7,7,9,52,1,745,89
place01-80M-DJI_0272-00088.json,102.853565,24.865048,80.8,2021,7,7,9,52,2,746,33
place01-80M-DJI_0272-00089.json,102.853565,24.865048,80.9,2021,7,7,9,52,3,746,975
place01-80M-DJI_0272-00090.json,102.853565,24.865048,80.9,2021,7,7,9,52,4,747,921
place01-80M-DJI_0272-00091.json,102.853565,24.865048,80.9,2021,7,7,9,52,5,748,862
place01-80M-DJI_0272-00092.json,102.853565,24.865048,81,2021,7,7,9,52,6,749,806
place01-80M-DJI_0272-00093.json,102.853565,24.865048,81,2021,7,7,9,52,7,750,750
place01-80M-DJI_0272-00094.json,102.853565,24.865048,81,2021,7,7,9,52,8,751,693
place01-80M-DJI_0272-00095.json,102.853565,24.865048,81,2021,7,7,9,52,9,752,636
place01-80M-DJI_0272-00096.json,102.853565,24.865048,81,2021,7,7,9,52,10,753,579
place01-80M-DJI_0272-00097.json,102.853565,24.865048,81,2021,7,7,9,52,11,754,522
place01-80M-DJI_0272-00098.json,102.853565,24.865048,80.9,2021,7,7,9,52,12,755,465
place01-80M-DJI_0272-00099.json,102.853565,24.865047,80.9,2021,7,7,9,52,13,756,410
place01-80M-DJI_0272-00100.json,102.853565,24.865047,80.9,2021,7,7,9,52,14,757,352
place01-80M-DJI_0272-00101.json,102.853565,24.865047,80.9,2021,7,7,9,52,15,758,294
place01-80M-DJI_0272-00102.json,102.853566,24.865047,80.8,2021,7,7,9,52,16,759,238
place01-80M-DJI_0272-00103.json,102.853566,24.865047,80.9,2021,7,7,9,52,17,760,182
place01-80M-DJI_0272-00104.json,102.853566,24.865047,80.9,2021,7,7,9,52,18,761,124
place01-80M-DJI_0272-00105.json,102.853567,24.865047,80.9,2021,7,7,9,52,19,762,68
place01-80M-DJI_0272-00106.json,102.853567,24.865047,80.9,2021,7,7,9,52,20,763,11
place01-80M-DJI_0272-00107.json,102.853567,24.865046,80.9,2021,7,7,9,52,21,763,954
place01-80M-DJI_0272-00108.json,102.853568,24.865046,80.8,2021,7,7,9,52,22,764,899
place01-80M-DJI_0272-00109.json,102.853568,24.865046,80.9,2021,7,7,9,52,23,732,476
place01-80M-DJI_0272-00110.json,102.853568,24.865047,80.9,2021,7,7,9,52,24,733,425
place01-80M-DJI_0272-00111.json,102.853568,24.865046,80.9,2021,7,7,9,52,25,734,368
place01-80M-DJI_0272-00112.json,102.853569,24.865046,80.9,2021,7,7,9,52,26,735,308
place01-80M-DJI_0272-00113.json,102.853569,24.865046,80.8,2021,7,7,9,52,27,736,250
place01-80M-DJI_0272-00114.json,102.853569,24.865046,80.8,2021,7,7,9,52,28,737,192
place01-80M-DJI_0272-00115.json,102.853569,24.865046,80.8,2021,7,7,9,52,29,738,138
place01-80M-DJI_0272-00116.json,102.853569,24.865046,80.9,2021,7,7,9,52,30,739,78
place01-80M-DJI_0272-00117.json,102.85357,24.865046,80.9,2021,7,7,9,52,31,740,23
place01-80M-DJI_0272-00118.json,102.85357,24.865047,80.9,2021,7,7,9,52,32,740,966
place01-80M-DJI_0272-00119.json,102.85357,24.865047,80.8,2021,7,7,9,52,33,741,912
place01-80M-DJI_0272-00120.json,102.85357,24.865047,80.9,2021,7,7,9,52,34,742,851
place01-80M-DJI_0272-00121.json,102.85357,24.865047,80.9,2021,7,7,9,52,35,743,795
place01-80M-DJI_0272-00122.json,102.85357,24.865047,80.9,2021,7,7,9,52,36,744,738
place01-80M-DJI_0272-00123.json,102.85357,24.865046,80.9,2021,7,7,9,52,37,745,683
place01-80M-DJI_0272-00124.json,102.853569,24.865046,80.9,2021,7,7,9,52,38,746,626
place01-80M-DJI_0272-00125.json,102.853569,24.865047,80.9,2021,7,7,9,52,39,747,570
place01-80M-DJI_0272-00126.json,102.853569,24.865047,80.9,2021,7,7,9,52,40,748,513
place01-80M-DJI_0272-00127.json,102.853569,24.865047,80.9,2021,7,7,9,52,41,749,455
place01-80M-DJI_0272-00128.json,102.853569,24.865047,80.9,2021,7,7,9,52,42,750,398
place01-80M-DJI_0272-00129.json,102.853569,24.865047,80.9,2021,7,7,9,52,43,751,340
place01-80M-DJI_0272-00130.json,102.853569,24.865046,80.9,2021,7,7,9,52,44,752,285
place01-80M-DJI_0272-00131.json,102.853569,24.865046,80.8,2021,7,7,9,52,45,753,227
place01-80M-DJI_0272-00132.json,102.853569,24.865046,80.9,2021,7,7,9,52,46,754,171
place01-80M-DJI_0272-00133.json,102.853569,24.865046,80.9,2021,7,7,9,52,47,755,113
place01-80M-DJI_0272-00134.json,102.853569,24.865046,80.9,2021,7,7,9,52,48,756,57
place01-80M-DJI_0272-00135.json,102.853569,24.865046,80.9,2021,7,7,9,52,49,757,4
place01-80M-DJI_0272-00136.json,102.853569,24.865046,80.9,2021,7,7,9,52,50,757,946
place01-80M-DJI_0272-00137.json,102.853569,24.865046,80.9,2021,7,7,9,52,51,758,889
place01-80M-DJI_0272-00138.json,102.853568,24.865046,80.9,2021,7,7,9,52,52,759,830
place01-80M-DJI_0272-00139.json,102.853568,24.865046,80.9,2021,7,7,9,52,53,760,773
place01-80M-DJI_0272-00140.json,102.853568,24.865046,80.9,2021,7,7,9,52,54,761,717
place01-80M-DJI_0272-00141.json,102.853568,24.865046,80.9,2021,7,7,9,52,55,762,663
place01-80M-DJI_0272-00142.json,102.853567,24.865047,80.9,2021,7,7,9,52,56,763,605
place01-80M-DJI_0272-00143.json,102.853567,24.865047,80.9,2021,7,7,9,52,57,764,552
place01-80M-DJI_0272-00144.json,102.853567,24.865047,80.9,2021,7,7,9,52,58,732,126
place01-80M-DJI_0272-00145.json,102.853566,24.865047,80.9,2021,7,7,9,52,59,733,71
place01-80M-DJI_0272-00146.json,102.853566,24.865047,80.9,2021,7,7,9,53,0,734,16
place01-80M-DJI_0272-00147.json,102.853566,24.865047,80.9,2021,7,7,9,53,1,734,960
place01-80M-DJI_0272-00148.json,102.853566,24.865047,80.9,2021,7,7,9,53,2,735,901
place01-80M-DJI_0272-00149.json,102.853566,24.865048,80.9,2021,7,7,9,53,3,736,843
place01-80M-DJI_0272-00150.json,102.853566,24.865048,80.9,2021,7,7,9,53,4,737,788
place01-80M-DJI_0272-00151.json,102.853566,24.865048,80.9,2021,7,7,9,53,5,738,733
place01-80M-DJI_0272-00152.json,102.853565,24.865048,80.9,2021,7,7,9,53,6,739,672
place01-80M-DJI_0272-00153.json,102.853565,24.865048,80.9,2021,7,7,9,53,7,740,615
place01-80M-DJI_0272-00154.json,102.853565,24.865048,80.9,2021,7,7,9,53,8,741,559
place01-80M-DJI_0272-00155.json,102.853565,24.865048,80.9,2021,7,7,9,53,9,742,503
place01-80M-DJI_0272-00156.json,102.853565,24.865048,80.9,2021,7,7,9,53,10,743,445
place01-80M-DJI_0272-00157.json,102.853564,24.865048,81,2021,7,7,9,53,11,744,389
place01-80M-DJI_0272-00158.json,102.853564,24.865048,80.9,2021,7,7,9,53,12,745,334
place01-80M-DJI_0272-00159.json,102.853564,24.865048,80.9,2021,7,7,9,53,13,746,275
place01-80M-DJI_0272-00160.json,102.853565,24.865048,80.9,2021,7,7,9,53,14,747,219
place01-80M-DJI_0272-00161.json,102.853565,24.865048,80.9,2021,7,7,9,53,15,748,164
place01-80M-DJI_0272-00162.json,102.853565,24.865048,80.9,2021,7,7,9,53,16,749,106
place01-80M-DJI_0272-00163.json,102.853565,24.865048,81,2021,7,7,9,53,17,750,47
place01-80M-DJI_0272-00164.json,102.853565,24.865048,80.9,2021,7,7,9,53,18,750,991
place01-80M-DJI_0272-00165.json,102.853565,24.865048,80.9,2021,7,7,9,53,19,751,935
place01-80M-DJI_0272-00166.json,102.853566,24.865048,80.9,2021,7,7,9,53,20,752,879
place01-80M-DJI_0272-00167.json,102.853566,24.865048,80.9,2021,7,7,9,53,21,753,821
place01-80M-DJI_0272-00168.json,102.853566,24.865048,80.9,2021,7,7,9,53,22,754,764
place01-80M-DJI_0272-00169.json,102.853566,24.865048,80.9,2021,7,7,9,53,23,755,709
place01-80M-DJI_0272-00170.json,102.853566,24.865048,80.9,2021,7,7,9,53,24,756,651
place01-80M-DJI_0272-00171.json,102.853566,24.865048,80.9,2021,7,7,9,53,25,757,596
place01-80M-DJI_0272-00172.json,102.853565,24.865048,80.8,2021,7,7,9,53,26,758,537
place01-80M-DJI_0272-00173.json,102.853565,24.865048,80.9,2021,7,7,9,53,27,759,480
place01-80M-DJI_0272-00174.json,102.853564,24.865049,80.9,2021,7,7,9,53,28,760,426
place01-80M-DJI_0272-00175.json,102.853564,24.865049,80.9,2021,7,7,9,53,29,761,368
place01-80M-DJI_0272-00176.json,102.853564,24.865049,80.9,2021,7,7,9,53,30,762,313
place01-80M-DJI_0272-00177.json,102.853564,24.865049,80.9,2021,7,7,9,53,31,763,258
place01-80M-DJI_0272-00178.json,102.853564,24.865049,80.8,2021,7,7,9,53,32,764,200
place01-80M-DJI_0272-00179.json,102.853564,24.865049,80.9,2021,7,7,9,53,33,731,779
place01-80M-DJI_0272-00180.json,102.853564,24.865049,80.9,2021,7,7,9,53,34,732,722
place01-80M-DJI_0272-00181.json,102.853564,24.865049,80.9,2021,7,7,9,53,35,733,669
place01-80M-DJI_0272-00182.json,102.853564,24.865049,80.9,2021,7,7,9,53,36,734,609
place01-80M-DJI_0272-00183.json,102.853564,24.865049,80.9,2021,7,7,9,53,37,735,553
place01-80M-DJI_0272-00184.json,102.853564,24.865049,80.9,2021,7,7,9,53,38,736,495
place01-80M-DJI_0272-00185.json,102.853564,24.865049,80.9,2021,7,7,9,53,39,737,439
place01-80M-DJI_0272-00186.json,102.853565,24.865049,81,2021,7,7,9,53,40,738,383
place01-80M-DJI_0272-00187.json,102.853565,24.865049,81,2021,7,7,9,53,41,739,327
place01-80M-DJI_0272-00188.json,102.853566,24.865049,80.9,2021,7,7,9,53,42,740,267
place01-80M-DJI_0272-00189.json,102.853566,24.865049,80.9,2021,7,7,9,53,43,741,210
place01-80M-DJI_0272-00190.json,102.853566,24.865049,80.9,2021,7,7,9,53,44,742,153
place01-80M-DJI_0272-00191.json,102.853567,24.865049,80.9,2021,7,7,9,53,45,743,96
place01-80M-DJI_0272-00192.json,102.853567,24.865049,80.9,2021,7,7,9,53,46,744,38
place01-80M-DJI_0272-00193.json,102.853567,24.86505,80.9,2021,7,7,9,53,47,744,982
place01-80M-DJI_0272-00194.json,102.853567,24.86505,80.8,2021,7,7,9,53,48,745,925
place01-80M-DJI_0272-00195.json,102.853568,24.86505,80.9,2021,7,7,9,53,49,746,871
place01-80M-DJI_0272-00196.json,102.853569,24.865049,80.9,2021,7,7,9,53,50,747,812
place01-80M-DJI_0272-00197.json,102.853569,24.865049,80.9,2021,7,7,9,53,51,748,756
place01-80M-DJI_0272-00198.json,102.853569,24.865049,80.9,2021,7,7,9,53,52,749,699
place01-80M-DJI_0272-00199.json,102.853569,24.86505,80.9,2021,7,7,9,53,53,750,646
place01-80M-DJI_0272-00200.json,102.853569,24.86505,81,2021,7,7,9,53,54,751,586
place01-80M-DJI_0272-00201.json,102.853569,24.86505,80.9,2021,7,7,9,53,55,752,530
place01-80M-DJI_0272-00202.json,102.85357,24.86505,80.9,2021,7,7,9,53,56,753,471
place01-80M-DJI_0272-00203.json,102.85357,24.86505,81,2021,7,7,9,53,57,754,415
place01-80M-DJI_0272-00204.json,102.85357,24.86505,81,2021,7,7,9,53,58,755,361
place01-80M-DJI_0272-00205.json,102.85357,24.86505,80.9,2021,7,7,9,53,59,756,302
place01-80M-DJI_0272-00206.json,102.85357,24.86505,80.8,2021,7,7,9,54,0,757,244
place01-80M-DJI_0272-00207.json,102.85357,24.86505,80.8,2021,7,7,9,54,1,758,188
place01-80M-DJI_0272-00208.json,102.85357,24.86505,80.8,2021,7,7,9,54,2,759,131
place01-80M-DJI_0272-00209.json,102.85357,24.86505,80.7,2021,7,7,9,54,3,760,74
place01-80M-DJI_0272-00210.json,102.853571,24.86505,80.8,2021,7,7,9,54,4,761,20
place01-80M-DJI_0272-00211.json,102.853571,24.86505,80.7,2021,7,7,9,54,5,761,961
place01-80M-DJI_0272-00212.json,102.853571,24.86505,80.7,2021,7,7,9,54,6,762,907
place01-80M-DJI_0272-00213.json,102.853571,24.86505,80.8,2021,7,7,9,54,7,763,851
place01-80M-DJI_0272-00214.json,102.853571,24.86505,80.8,2021,7,7,9,54,8,764,790
place01-80M-DJI_0272-00215.json,102.853571,24.86505,81,2021,7,7,9,54,9,732,372
place01-90M-DJI_0272-00218.json,102.853576,24.865046,90.3,2021,7,7,9,54,12,735,203
place01-90M-DJI_0272-00219.json,102.853575,24.865048,90.4,2021,7,7,9,54,13,736,143
place01-90M-DJI_0272-00220.json,102.853572,24.86505,90.4,2021,7,7,9,54,14,737,89
place01-90M-DJI_0272-00221.json,102.853571,24.865051,90.4,2021,7,7,9,54,15,738,38
place01-90M-DJI_0272-00222.json,102.853572,24.86505,90.4,2021,7,7,9,54,16,738,973
place01-90M-DJI_0272-00223.json,102.853572,24.86505,90.5,2021,7,7,9,54,17,739,923
place01-90M-DJI_0272-00224.json,102.853572,24.86505,90.5,2021,7,7,9,54,18,740,859
place01-90M-DJI_0272-00225.json,102.853572,24.86505,90.5,2021,7,7,9,54,19,741,804
place01-90M-DJI_0272-00226.json,102.853572,24.86505,90.4,2021,7,7,9,54,20,742,746
place01-90M-DJI_0272-00227.json,102.853572,24.86505,90.3,2021,7,7,9,54,21,743,691
place01-90M-DJI_0272-00228.json,102.853573,24.86505,90.2,2021,7,7,9,54,22,744,635
place01-90M-DJI_0272-00229.json,102.853573,24.86505,90.3,2021,7,7,9,54,23,745,577
place01-90M-DJI_0272-00230.json,102.853573,24.865049,90.3,2021,7,7,9,54,24,746,519
place01-90M-DJI_0272-00231.json,102.853573,24.865049,90.4,2021,7,7,9,54,25,747,463
place01-90M-DJI_0272-00232.json,102.853573,24.865049,90.4,2021,7,7,9,54,26,748,406
place01-90M-DJI_0272-00233.json,102.853572,24.865049,90.3,2021,7,7,9,54,27,749,359
place01-90M-DJI_0272-00234.json,102.853572,24.865049,90.3,2021,7,7,9,54,28,750,291
place01-90M-DJI_0272-00235.json,102.853572,24.865049,90.3,2021,7,7,9,54,29,751,234
place01-90M-DJI_0272-00236.json,102.853572,24.865049,90.4,2021,7,7,9,54,30,752,180
place01-90M-DJI_0272-00237.json,102.853572,24.86505,90.4,2021,7,7,9,54,31,753,123
place01-90M-DJI_0272-00238.json,102.853571,24.86505,90.4,2021,7,7,9,54,32,754,68
place01-90M-DJI_0272-00239.json,102.853571,24.86505,90.4,2021,7,7,9,54,33,755,10
place01-90M-DJI_0272-00240.json,102.853571,24.86505,90.4,2021,7,7,9,54,34,755,951
place01-90M-DJI_0272-00241.json,102.853571,24.86505,90.3,2021,7,7,9,54,35,756,895
place01-90M-DJI_0272-00242.json,102.853571,24.86505,90.3,2021,7,7,9,54,36,757,838
place01-90M-DJI_0272-00243.json,102.853571,24.86505,90.4,2021,7,7,9,54,37,758,784
place01-90M-DJI_0272-00244.json,102.853571,24.86505,90.4,2021,7,7,9,54,38,759,724
place01-90M-DJI_0272-00245.json,102.853571,24.86505,90.4,2021,7,7,9,54,39,760,667
place01-90M-DJI_0272-00246.json,102.853571,24.86505,90.4,2021,7,7,9,54,40,761,613
place01-90M-DJI_0272-00247.json,102.853571,24.86505,90.4,2021,7,7,9,54,41,762,557
place01-90M-DJI_0272-00248.json,102.853571,24.86505,90.4,2021,7,7,9,54,42,763,497
place01-90M-DJI_0272-00249.json,102.853571,24.86505,90.4,2021,7,7,9,54,43,764,441
place01-90M-DJI_0272-00250.json,102.853571,24.86505,90.3,2021,7,7,9,54,44,732,24
place01-90M-DJI_0272-00251.json,102.853571,24.865049,90.3,2021,7,7,9,54,45,732,963
place01-90M-DJI_0272-00252.json,102.853571,24.865049,90.2,2021,7,7,9,54,46,733,909
place01-90M-DJI_0272-00253.json,102.853572,24.865049,90.3,2021,7,7,9,54,47,734,855
place01-90M-DJI_0272-00254.json,102.853572,24.865049,90.4,2021,7,7,9,54,48,735,795
place01-90M-DJI_0272-00255.json,102.853572,24.865049,90.3,2021,7,7,9,54,49,736,738
place01-90M-DJI_0272-00256.json,102.853571,24.865049,90.3,2021,7,7,9,54,50,737,679
place01-90M-DJI_0272-00257.json,102.853572,24.865049,90.3,2021,7,7,9,54,51,738,624
place01-90M-DJI_0272-00258.json,102.853571,24.865049,90.3,2021,7,7,9,54,52,739,568
place01-90M-DJI_0272-00259.json,102.853572,24.865049,90.3,2021,7,7,9,54,53,740,508
place01-90M-DJI_0272-00260.json,102.853571,24.865049,90.3,2021,7,7,9,54,54,741,453
place01-90M-DJI_0272-00261.json,102.853571,24.865049,90.3,2021,7,7,9,54,55,742,396
place01-90M-DJI_0272-00262.json,102.853571,24.865049,90.4,2021,7,7,9,54,56,743,338
place01-90M-DJI_0272-00263.json,102.853572,24.865049,90.4,2021,7,7,9,54,57,744,281
place01-90M-DJI_0272-00264.json,102.853572,24.865049,90.4,2021,7,7,9,54,58,745,225
place01-90M-DJI_0272-00265.json,102.853571,24.86505,90.4,2021,7,7,9,54,59,746,169
place01-90M-DJI_0272-00266.json,102.853571,24.86505,90.4,2021,7,7,9,55,0,747,112
place01-90M-DJI_0272-00267.json,102.853572,24.86505,90.4,2021,7,7,9,55,1,748,61
place01-90M-DJI_0272-00268.json,102.853572,24.86505,90.5,2021,7,7,9,55,2,748,998
place01-90M-DJI_0272-00269.json,102.853572,24.86505,90.6,2021,7,7,9,55,3,749,941
place01-90M-DJI_0272-00270.json,102.853572,24.86505,90.6,2021,7,7,9,55,4,750,885
place01-90M-DJI_0272-00271.json,102.853572,24.86505,90.5,2021,7,7,9,55,5,751,829
place01-90M-DJI_0272-00272.json,102.853571,24.86505,90.4,2021,7,7,9,55,6,752,773
place01-90M-DJI_0272-00273.json,102.853571,24.86505,90.3,2021,7,7,9,55,7,753,714
place01-90M-DJI_0272-00274.json,102.853572,24.86505,90.4,2021,7,7,9,55,8,754,658
place01-90M-DJI_0272-00275.json,102.853572,24.865051,90.4,2021,7,7,9,55,9,755,601
place01-90M-DJI_0272-00276.json,102.853572,24.86505,90.6,2021,7,7,9,55,10,756,544
place01-90M-DJI_0272-00277.json,102.853571,24.86505,90.4,2021,7,7,9,55,11,757,488
place01-90M-DJI_0272-00278.json,102.853572,24.86505,90.2,2021,7,7,9,55,12,758,430
place01-90M-DJI_0272-00279.json,102.853572,24.86505,90.4,2021,7,7,9,55,13,759,377
place01-90M-DJI_0272-00280.json,102.853572,24.86505,90.4,2021,7,7,9,55,14,760,318
place01-90M-DJI_0272-00281.json,102.853571,24.86505,90.3,2021,7,7,9,55,15,761,259
place01-90M-DJI_0272-00282.json,102.853571,24.86505,90.3,2021,7,7,9,55,16,762,205
place01-90M-DJI_0272-00283.json,102.853571,24.86505,90.3,2021,7,7,9,55,17,763,148
place01-90M-DJI_0272-00284.json,102.853572,24.86505,90.3,2021,7,7,9,55,18,764,95
place01-90M-DJI_0272-00285.json,102.853572,24.86505,90.4,2021,7,7,9,55,19,765,34
place01-90M-DJI_0272-00286.json,102.853571,24.86505,90.4,2021,7,7,9,55,20,732,611
place01-90M-DJI_0272-00287.json,102.853571,24.86505,90.5,2021,7,7,9,55,21,733,556
place01-90M-DJI_0272-00288.json,102.853571,24.86505,90.5,2021,7,7,9,55,22,734,501
place01-90M-DJI_0272-00289.json,102.853572,24.86505,90.5,2021,7,7,9,55,23,735,442
place01-90M-DJI_0272-00290.json,102.853571,24.86505,90.6,2021,7,7,9,55,24,736,389
place01-90M-DJI_0272-00291.json,102.853571,24.86505,90.6,2021,7,7,9,55,25,737,328
place01-90M-DJI_0273-00001.json,102.853571,24.86505,90.6,2021,7,7,9,55,26,738,271
place01-90M-DJI_0273-00002.json,102.853571,24.86505,90.5,2021,7,7,9,55,27,739,219
place01-90M-DJI_0273-00003.json,102.853571,24.86505,90.5,2021,7,7,9,55,28,706,792
place01-90M-DJI_0273-00004.json,102.853571,24.86505,90.4,2021,7,7,9,55,29,707,737
place01-90M-DJI_0273-00005.json,102.853572,24.86505,90.5,2021,7,7,9,55,30,708,688
place01-90M-DJI_0273-00006.json,102.853572,24.865051,90.5,2021,7,7,9,55,31,709,622
place01-90M-DJI_0273-00007.json,102.853571,24.865051,90.4,2021,7,7,9,55,32,710,573
place01-90M-DJI_0273-00008.json,102.853571,24.865051,90.4,2021,7,7,9,55,33,711,508
place01-90M-DJI_0273-00009.json,102.853571,24.865051,90.4,2021,7,7,9,55,34,712,453
place01-90M-DJI_0273-00010.json,102.853571,24.865051,90.4,2021,7,7,9,55,35,713,395
place01-90M-DJI_0273-00011.json,102.853571,24.865051,90.4,2021,7,7,9,55,36,714,343
place01-90M-DJI_0273-00012.json,102.853571,24.865051,90.4,2021,7,7,9,55,37,715,283
place01-90M-DJI_0273-00013.json,102.85357,24.865051,90.4,2021,7,7,9,55,38,716,226
place01-90M-DJI_0273-00014.json,102.853571,24.865051,90.4,2021,7,7,9,55,39,717,172
place01-90M-DJI_0273-00015.json,102.853571,24.865051,90.4,2021,7,7,9,55,40,718,112
place01-90M-DJI_0273-00016.json,102.853571,24.865051,90.4,2021,7,7,9,55,41,719,55
place01-90M-DJI_0273-00017.json,102.85357,24.865051,90.4,2021,7,7,9,55,42,719,998
place01-90M-DJI_0273-00018.json,102.85357,24.865051,90.4,2021,7,7,9,55,43,720,941
place01-90M-DJI_0273-00019.json,102.853571,24.865052,90.4,2021,7,7,9,55,44,721,884
place01-90M-DJI_0273-00020.json,102.853571,24.865052,90.4,2021,7,7,9,55,45,722,828
place01-90M-DJI_0273-00021.json,102.853571,24.865052,90.4,2021,7,7,9,55,46,723,773
place01-90M-DJI_0273-00022.json,102.85357,24.865052,90.4,2021,7,7,9,55,47,724,714
place01-90M-DJI_0273-00023.json,102.85357,24.865052,90.4,2021,7,7,9,55,48,725,657
place01-90M-DJI_0273-00024.json,102.85357,24.865052,90.4,2021,7,7,9,55,49,726,601
place01-90M-DJI_0273-00025.json,102.853571,24.865052,90.4,2021,7,7,9,55,50,727,545
place01-90M-DJI_0273-00026.json,102.853571,24.865052,90.4,2021,7,7,9,55,51,728,492
place01-90M-DJI_0273-00027.json,102.853571,24.865052,90.4,2021,7,7,9,55,52,729,434
place01-90M-DJI_0273-00028.json,102.853571,24.865052,90.4,2021,7,7,9,55,53,730,377
place01-90M-DJI_0273-00029.json,102.853571,24.865052,90.4,2021,7,7,9,55,54,731,319
place01-90M-DJI_0273-00030.json,102.853571,24.865052,90.4,2021,7,7,9,55,55,732,260
place01-90M-DJI_0273-00031.json,102.853571,24.865052,90.4,2021,7,7,9,55,56,733,204
place01-90M-DJI_0273-00032.json,102.853571,24.865053,90.4,2021,7,7,9,55,57,734,151
place01-90M-DJI_0273-00033.json,102.85357,24.865052,90.5,2021,7,7,9,55,58,735,92
place01-90M-DJI_0273-00034.json,102.85357,24.865053,90.5,2021,7,7,9,55,59,736,34
place01-90M-DJI_0273-00035.json,102.85357,24.865053,90.4,2021,7,7,9,56,0,736,978
place01-90M-DJI_0273-00036.json,102.853571,24.865052,90.4,2021,7,7,9,56,1,737,922
place01-90M-DJI_0273-00037.json,102.853571,24.865052,90.3,2021,7,7,9,56,2,738,864
place01-90M-DJI_0273-00038.json,102.853571,24.865052,90.3,2021,7,7,9,56,3,706,441
place01-90M-DJI_0273-00039.json,102.853571,24.865052,90.3,2021,7,7,9,56,4,707,384
place01-90M-DJI_0273-00040.json,102.853571,24.865052,90.3,2021,7,7,9,56,5,708,328
place01-90M-DJI_0273-00041.json,102.853571,24.865052,90.4,2021,7,7,9,56,6,709,270
place01-90M-DJI_0273-00042.json,102.853571,24.865051,90.4,2021,7,7,9,56,7,710,215
place01-90M-DJI_0273-00043.json,102.853571,24.865052,90.3,2021,7,7,9,56,8,711,159
place01-90M-DJI_0273-00044.json,102.853571,24.865051,90.4,2021,7,7,9,56,9,712,105
place01-90M-DJI_0273-00045.json,102.853571,24.865051,90.4,2021,7,7,9,56,10,713,46
place01-90M-DJI_0273-00046.json,102.853571,24.865051,90.4,2021,7,7,9,56,11,713,992
place01-90M-DJI_0273-00047.json,102.853571,24.865051,90.4,2021,7,7,9,56,12,714,936
place01-90M-DJI_0273-00048.json,102.853571,24.865051,90.3,2021,7,7,9,56,13,715,877
place01-90M-DJI_0273-00049.json,102.853571,24.865051,90.3,2021,7,7,9,56,14,716,820
place01-90M-DJI_0273-00050.json,102.853571,24.865051,90.3,2021,7,7,9,56,15,717,761
